alpha,average_length,average_reward,average_move_ratio,average_sense_ratio,final_success_rate,final_failure_rate
0.0,299.38,175.25154912000002,0.7069794126082221,0.29302058739177783,0.44,0.56
0.25,286.4,175.39512482,0.6556291332874629,0.34437086671253714,0.44,0.56
0.5,300.28,143.60320484,0.5938433565407444,0.4061566434592556,0.36,0.64
0.75,295.8,142.80573176,0.6050159039275126,0.3949840960724874,0.36,0.64
1.0,345.36,86.84910558,0.5590918860099781,0.44090811399002183,0.22,0.78
